text,sentiment
"This game was just okay. It had some good moments, but overall it was pretty forgettable. I wouldn't really recommend it.",neutral
"This game was a complete waste of time. The controls were clunky, the story was nonsensical, and the graphics were poor. Avoid at all costs.",negative
"I was pleasantly surprised by this game. It had a fun and unique concept, and the execution was well done. Definitely worth checking out.",positive
"This game was a bit of a disappointment. It had a lot of potential, but it fell short in a few key areas. I'd still say it's worth a try though.",neutral
"I can't believe I spent money on this game. It was buggy, repetitive, and just plain boring. Avoid at all costs.",negative
"I had a lot of fun with this game. The controls were tight, the gameplay was challenging, and the graphics were impressive. A must-play for fans of the genre.",positive
"This game was just okay. It had some good ideas, but it was ultimately a bit shallow and lacking in depth. It's worth a try if you're a fan of the genre.",neutral
"I was extremely disappointed by this game. It was buggy, poorly designed, and just not enjoyable at all. Avoid at all costs.",negative
"This game exceeded all of my expectations. The graphics were gorgeous, the gameplay was addictive, and the story was engaging. A must-play for any fan of the genre.",positive
"This game was a bit of a mixed bag. Some parts were really fun, while others were frustrating and boring. I'd still say it's worth a try though.",neutral
"This game was a great time sink. The gameplay was simple but enjoyable, and the graphics were charming. I'd definitely recommend it.",positive
"This game was pretty average. It had some good ideas, but it was ultimately a bit forgettable. I wouldn't really recommend it.",neutral
"This game was a complete disaster. The controls were unresponsive, the graphics were poor, and the story was non-existent. Avoid at all costs.",negative
"I was really impressed by this game. The gameplay was innovative, the graphics were stunning, and the story was engaging. A must-play for any fan of the genre.",positive
"This game was a bit of a letdown. It had some good moments, but overall it was pretty average. I wouldn't really recommend it.",neutral
"I was extremely disappointed by this game. It was buggy, poorly designed, and just not enjoyable at all. Avoid at all costs.",negative
"This game was a lot of fun. The gameplay was challenging, the graphics were impressive, and the story was engaging. A must-play for any fan of the genre.",positive
"This game was just okay. It had some good ideas, but it was ultimately a bit shallow and lacking in depth. It's worth a try if you're a fan of the genre.",neutral
"I was really let down by this game. It had a lot of potential, but it fell flat in almost every way. Avoid at all costs.",negative
"I absolutely loved this game! The graphics were stunning, the gameplay was smooth, and the storyline was engaging. 10/10 would recommend.",positive
"I was really disappointed with this game. The graphics were subpar and the controls were clunky. I wouldn't recommend it to anyone.",negative
"I was really excited for this game, but it ended up being a complete waste of time. The story was uninteresting and the gameplay was repetitive. Avoid this one.",negative
"This game was a huge letdown. The graphics were poor and the controls were unresponsive. I can't believe I spent money on this.",negative
"I had high hopes for this game, but it just didn't deliver. The levels were too easy and the characters were one-dimensional. I wouldn't recommend it.",negative
"I was really excited to play this game, but it turned out to be a huge disappointment. The controls were awkward and the story was dull. Save your money.",negative
"This game was a complete mess. The graphics were poor and the controls were frustrating. I wouldn't recommend it to anyone.",negative
"I was really looking forward to this game, but it ended up being a major letdown. The gameplay was repetitive and the story was uninteresting. Avoid it.",negative
"I was really disappointed with this game. The graphics were subpar and the controls were confusing. I wouldn't recommend it.",negative
"I was really excited to play this game, but it ended up being a huge disappointment. The levels were too easy and the characters were one-dimensional. Avoid it.",negative
"This game was a major letdown. The graphics were poor and the controls were unresponsive. I wouldn't recommend it to anyone.",negative
"I was really looking forward to this game, but it turned out to be a complete waste of time. The story was uninteresting and the gameplay was repetitive. Save your money.",negative
"I had high hopes for this game, but it just didn't deliver. The levels were too easy and the characters were one-dimensional. I wouldn't recommend it.",negative